,test_size,random_state,no_of_features,scaling,NLP_method,model,class_weight,test_score,train_score,tn,fp,fn,tp,f1_score,precision,recall,feature_importances,params
6,0.1,12,305,,word_embedding,<class 'sklearn.linear_model.logistic.LogisticRegression'>,,0.8873098977811019,0.8882101997285243,2251,524,380,4867,0.915021620605377,0.9028009645705806,0.92757766342672,"[[-4.13988659e-01  1.10023189e+00 -5.01855088e-01  4.13732352e-01
   2.22684424e+00  7.36393473e-01  1.09760393e-01 -4.51575951e-01
   3.82405523e-01 -1.61675242e+00  1.06976486e+00  1.97921293e+00
   2.01063346e+00  9.51600148e-02  5.16206908e-01  1.65883489e-01
  -7.56658490e-01  2.70657493e+00 -1.82621747e+00  1.55876555e+00
   1.26116613e+00 -2.35210577e+00 -9.91718920e-01 -2.62498584e+00
  -1.70714526e+00  1.33052286e+00  1.90086950e+00  1.02528651e+00
   6.33182693e-01 -1.39468249e+00  7.58002000e-01  2.37658254e+00
  -1.83095348e+00  4.78620776e+00  3.08648775e-01 -2.53755158e+00
   1.09760935e+00  1.82929789e+00 -3.02106051e+00 -3.08929288e+00
  -4.19645238e+00 -2.26205146e-01  1.94842004e+00  3.39583394e+00
   3.29614152e-01  5.10017852e+00  9.25079442e-02 -4.83031548e-01
  -1.76919479e-01  3.10911895e-01  6.85196244e-01  5.98726521e-03
  -9.14469554e-01 -1.00297489e+00  1.96470594e+00  1.37393136e+00
   2.88105728e+00  4.65747306e+00  1.00719893e+00 -1.25790065e+00
   1.21813332e+00 -2.53114169e+00 -3.03066594e+00  5.69862110e-01
   1.55470804e-01 -2.55430889e+00  2.03243761e+00  2.89348485e+00
   1.86991243e+00 -1.52097537e+00 -2.38357814e+00 -2.98404849e+00
  -1.29841171e-02  1.20155943e+00  6.38436735e-01 -4.01525059e+00
   4.61348490e-01  3.89396960e+00 -2.49068852e+00 -8.38138079e-01
   3.94695000e+00  1.50011887e+00  2.22819889e+00  1.92895121e+00
  -1.88186489e+00 -1.56234124e+00 -1.19977205e+00  1.79109083e+00
   6.29849541e-01 -1.13744272e+00  3.46130908e+00  5.23210576e-01
  -1.41914067e-01  2.08683898e+00 -7.61064806e-01  8.76357188e-02
  -1.64481142e-01 -1.18972629e+00 -2.59795431e+00  1.21837849e+00
   7.20441615e-01 -1.65590076e+00  3.67951400e-01 -1.65847582e+00
  -6.26538704e-01  1.27443881e-02  1.66589987e+00 -1.71136712e+00
  -1.37097820e+00 -2.69104807e+00  4.82546347e-01  3.65925275e+00
   2.57739012e+00  5.53557067e-01  1.16871193e+00 -9.45332923e-01
  -3.81586966e+00  3.50396347e+00 -6.44437722e-01 -1.29248638e+00
   1.88940397e+00 -4.13593910e+00  1.26229353e+00 -1.49052026e+00
   1.00616833e+00  3.74007410e+00  9.39670932e-01  6.08160461e-01
   2.44361420e-01 -1.55912714e+00  3.63700792e-01  1.43445686e+00
  -2.70404976e+00 -9.67679377e-01  1.94868773e+00  2.01360544e+00
   3.58973191e+00 -2.43277473e+00 -1.33740445e+00  7.34357360e-01
   3.94829119e-01 -1.17110008e+00  2.61296021e+00  1.55877063e+00
  -4.02348403e-01 -1.27892443e+00  2.26043099e+00 -2.12355663e+00
   1.45601781e-01  8.36385491e-01 -2.96464847e+00  4.87764229e-01
  -1.16742737e+00 -3.06089210e+00 -1.36532077e+00 -5.03481235e-02
  -3.87426066e-01 -9.29648313e-01  9.73260777e-01  1.59687102e+00
   2.80165190e+00  1.28889233e+00 -3.71368362e+00 -1.95934204e+00
   3.03541590e+00 -1.47003262e+00 -4.31167834e-01 -2.26985072e+00
  -1.37571209e-01  5.42104481e-01 -1.61183429e-01  4.50293450e+00
   1.18200693e+00 -1.71858387e+00 -1.55876303e+00 -5.83940523e-01
   2.87109721e-01 -4.65165640e-01  1.12315953e+00  1.50946984e-01
   1.81768069e+00 -3.05944838e-01  1.63546545e+00  9.55361170e-01
   3.22826036e+00 -4.39997965e+00 -2.91709683e+00 -1.76307455e-01
  -2.44303025e+00 -8.84343631e-01 -3.51266017e+00 -1.83726981e+00
   3.31163905e+00 -1.66469029e-02 -2.14358928e-01 -8.71203395e-01
   8.97239214e-01  1.18613862e+00  2.97650231e+00  1.39157788e+00
  -2.87788548e+00 -1.60026933e+00  1.11432024e+00 -1.60165944e+00
  -8.59123208e-01 -1.95237896e+00 -2.32174154e+00 -2.49995180e-01
  -3.17457732e+00 -1.21209025e+00 -1.00071549e+00 -1.35834128e+00
  -1.37693599e+00 -6.46693653e-01 -1.54168275e+00  1.18402888e+00
   2.59674057e+00  1.33653658e-01  2.55156016e+00 -1.37596582e+00
   3.71827885e+00  1.56357501e+00  1.38162211e+00  2.02811516e+00
   9.22511550e-01 -2.72994226e-02  2.21523713e-01  3.88630543e+00
   3.88597501e+00 -6.01521173e-01  4.02719348e+00 -8.34988720e-02
  -4.75731822e+00 -6.92091990e-01 -3.37753492e+00 -1.68348564e+00
  -1.12651777e+00  4.29238582e-01 -3.67697309e-01  9.22800492e-01
   1.67206344e+00 -6.13050248e-01 -8.75751570e-01  1.26596202e+00
   2.30279367e+00  4.38560183e-01 -3.25999197e+00  1.78637783e+00
   4.89498082e-01 -5.88779887e+00  1.15960598e+00 -5.79274386e-01
  -2.74742884e+00  1.52070999e+00 -5.90325951e-01 -5.95828174e-01
  -1.05422043e+00  1.55690922e+00 -8.74171805e-01 -8.86878219e-02
  -6.66245127e-01  7.72225271e-01 -2.10326283e+00 -7.19180205e-01
   6.53970812e-01 -7.16074000e-01 -1.74253978e+00  8.29273967e-01
  -4.30092195e+00  4.79399695e-01  3.25851078e-01  2.41509652e-01
  -4.01524266e+00  1.96350504e+00  7.99067553e-01  2.02855010e+00
   1.72974621e-02  5.16364074e-01  3.42807792e-01 -8.07926789e-01
   5.46203982e-01 -2.17165387e+00 -2.65768521e+00 -9.55542001e-01
   1.43105667e+00 -7.77661339e-01  2.49714577e+00  1.32769490e+00
  -4.94618111e-01  1.94785525e+00 -2.27298319e+00 -6.14190485e-01
  -2.62201509e-01  3.68980814e+00 -9.20019238e-01 -1.89551211e+00
   3.43506365e+00 -1.75315277e+00  2.67457483e+00 -1.05624110e+00
  -1.24557478e-01 -1.26694034e-01  2.99495477e-01 -4.19865056e-05
   9.07134822e-01]]",
0,0.1,12,791,,BOW,<class 'sklearn.linear_model.logistic.LogisticRegression'>,,0.8772126651707803,0.8870467325964708,2174,601,384,4863,0.9080384651293062,0.8900073206442167,0.9268153230417381,"[[-5.06235683e-01 -9.58480412e-01  1.94374942e+00  1.32361413e-01
   2.47814352e+00  1.16042367e+00  1.85068357e+00 -7.69308052e-02
   3.76699545e-01  8.79015714e-01 -1.29141310e+00  2.15562970e-01
  -7.98450840e-01 -9.08197502e-01 -7.58658696e-01  4.97570091e-01
  -3.76410871e-01 -1.25518661e+00  1.55873065e-01 -4.38655312e-01
   1.47204619e+00 -5.62298504e-01  3.26720825e+00  6.96858359e+00
   2.54042656e-01  1.80390693e-02 -2.43740482e+00 -5.13541112e-01
  -5.40203067e-01 -2.58448920e-01 -7.94461604e-01  1.62193944e+00
  -6.39008079e-01 -4.86601553e-01  1.53710837e+00  5.73821327e-01
  -2.68959232e-01 -9.93170439e-01 -1.91214674e+00  8.99884478e-01
  -3.24060351e-01  1.40296720e+00 -2.57817616e+00  8.63982790e-01
   2.47741795e-01 -4.82557196e+00 -2.30872547e+00 -1.00880651e+00
   5.83483755e+00 -4.28310614e+00  6.48002178e-01 -4.74959990e+00
  -6.15784096e-01 -2.73430930e-01 -1.18324761e-01 -3.30485086e-01
  -1.39650988e+00 -1.31190797e+00  2.23152091e-01  1.61521123e-01
   2.99334869e+00  2.00744149e+00 -6.92914140e-01 -1.64726934e-01
   1.43222811e-01  2.84584417e-01  2.47117945e-02 -1.11904981e-01
  -1.36660709e+00 -8.83903497e-02 -3.65193855e-01  3.68291314e-02
   1.58884367e+00  1.82540483e-01 -1.91902982e+00  4.31402018e-01
   4.97770348e-01 -6.59562659e-01 -7.19261115e-02 -6.14419307e+00
   3.47162952e-02  4.76901880e-01  1.25377060e+00 -2.07689970e+00
  -1.80243916e-01  1.77759675e-01 -5.34074024e-01  4.02830275e-01
  -4.32954155e-01 -1.19801640e+00  3.65695358e-01  4.49722325e-01
   1.40284739e-01 -5.55454382e-02 -7.88336248e-01  2.01422013e-02
   3.72869026e-01 -1.30784478e+00  3.91494292e-01  7.20364199e-01
  -3.04876173e-01  2.53836045e-01  1.91692087e-02 -9.33317789e-02
  -6.00087591e-01  1.05704476e+00  1.88018036e-01  1.48332731e+00
  -2.06424275e-01  6.77658683e-01  5.20652344e-01 -6.11152919e-01
   5.56781953e-01 -5.98757083e-04 -4.11992991e-01 -5.58419987e-01
  -2.53757386e+00  6.64520070e-02  2.30202847e-01  9.91255439e-02
   7.93740308e-01  3.63423363e-02  8.18805648e-01 -2.46945776e-01
   1.13746230e+00 -8.66298972e-02  5.96533060e-02  1.06710371e+00
   5.10158511e-01  1.87334213e+00 -6.02153060e-01 -1.77096523e+00
  -2.75904936e-01  9.17145262e-01 -2.01327339e-01 -3.01869258e-01
  -2.57915788e+00  1.09493985e-01  6.48578179e-01  2.43399135e+00
  -3.62327018e-01  5.65154456e-01 -4.47179709e-01  2.00988269e+00
   5.60447584e-02 -1.81930846e+00  2.25104071e-01 -9.57516087e-01
  -8.93565407e-02  5.65115539e-01 -3.78696894e-01  7.85003103e-01
   6.52991465e-01 -1.04995935e+00 -1.21019458e+00 -1.05225398e+00
  -2.20232497e-01  3.66010777e-01 -6.13526563e-01  2.54575223e-01
   9.29281149e-01 -6.50905799e-02 -6.12647446e-01  1.23175936e+00
   4.23867613e-01 -4.42761604e-01 -1.37431762e+00  3.49164014e-01
  -6.36773011e-01 -2.31041903e-01 -4.20697774e-01 -1.51492770e+00
   7.37684553e-01  1.76079238e-01  6.72264723e-01  1.30642163e+00
  -3.03917907e+00 -4.75384771e-01 -6.56238158e-01  3.78442485e+00
   6.75777880e+00  4.38217213e-01 -6.08529450e-02 -5.56176645e-01
   9.66093684e-01  6.69211372e-01  1.86011950e+00  1.06544895e-01
  -1.03558359e-02  2.88559270e-01  1.70348412e-01 -4.09449369e+00
   9.91716113e-01 -6.71839159e+00 -5.87316800e+00 -1.42448628e-01
   2.60174213e-01 -1.55433771e-01 -1.23396987e+00 -4.48810178e-01
  -6.21155096e-01  7.15449037e-02  1.97867312e+00 -2.59758217e-01
  -1.28553136e-01  2.41790070e-01 -3.75789016e+00 -1.21924067e+00
   1.16375494e+00  5.34029017e-01  1.52802857e+00  1.42827780e+00
   2.84345471e+00  1.68661373e-02  2.22023243e+00 -5.78848034e-01
  -2.13168049e+00 -1.91667580e+00 -1.33814433e+00 -1.76203193e+00
  -5.37333809e-01  2.13780770e+00  4.03917151e-01 -4.70589187e-01
  -9.52202162e-01  6.87947711e-01  2.05947417e-01 -9.08145895e-01
   8.16343898e-01 -4.48412315e-01  1.15809101e-01  2.29907887e-02
   1.50385557e+00  2.10980229e+00  1.91459516e+00  2.29841074e+00
   1.91396139e+00  5.23290541e+00 -2.08357133e-01 -2.34078655e+00
  -1.62088640e+00 -1.41541568e+00 -1.58215622e+00  1.78852661e+00
   1.53535728e+00  8.65120885e-01 -4.56105125e-01  1.33148160e-01
   2.12199039e-01 -2.80752639e-01  2.38528588e-01 -3.56758021e-02
  -1.18195243e+00  1.69123423e+00  4.49566984e-01  4.70211696e+00
   5.11949418e-01  2.02289349e+00  4.32874033e+00 -5.42667487e-01
   6.58439311e-01  4.51063770e-02  4.84413288e-01 -9.96099359e-01
   5.64781824e-01 -1.93391025e+00 -3.84206923e-02  6.21247943e-01
  -2.66956160e-01  2.26762622e+00 -2.11554645e-01 -1.01836273e+00
   1.56633198e+00 -1.03087834e-01  1.26740728e-01  5.07364547e-02
  -1.82683202e-01  1.20061750e+00  5.10203661e-01  1.08383773e+00
   5.38988603e-01  2.23964043e+00  3.89445877e-01  2.30660674e-01
   4.21135013e+00 -4.33252601e-01 -1.37731080e-01  1.00035294e+00
   2.10507770e+00  1.22193370e+00  2.65582147e-01  6.82636069e-01
   3.08050938e+00 -2.85568625e-01 -4.70981538e-01  3.26561469e+00
  -2.93771496e-01  6.10718981e-01  5.88906454e-02  1.07735198e+00
  -2.41080165e-01  2.93694167e-01 -2.18546333e+00 -4.20215402e-01
   6.67497707e-01 -4.37957967e-01 -1.43830886e+00  6.17046633e-01
   1.12487719e+00 -4.76440931e-01 -1.99216985e+00  3.53466337e+00
  -7.98974138e-01 -1.22870838e+00  3.33180991e-01  1.02537626e+00
  -8.26891076e-01  2.08026113e+00  4.04851971e+00 -9.71102160e-01
   3.96587127e+00  7.57907793e-02 -3.80763467e-01  8.86020721e-01
   1.07279656e+00 -8.85438269e-01 -2.21502046e+00 -5.76502769e+00
  -9.99789847e-01  3.04320101e-01  4.01389582e-01 -1.47501301e+00
   8.36238080e-01  2.46222021e-01 -3.28969909e+00  1.37773249e+00
  -5.38162392e-01  1.79713537e-01  7.88979187e-02 -1.48749335e-01
  -5.39859888e-01  1.31677207e+00 -9.00434844e-01  8.31051300e-01
   3.41280927e+00 -1.63007947e-01  2.36463138e-01  6.77960676e-02
  -1.92951057e+00 -4.33183975e-01  7.29952896e-01  4.94388131e-01
   6.28359772e-01 -4.42758851e-01  2.35596933e+00 -6.19105317e-01
   9.32050912e-01 -1.14069879e-01 -1.23439737e-01 -7.52539447e-01
   4.84067436e-01  2.70770845e+00 -6.75073161e-02 -5.07325141e+00
   1.30027989e-01  4.90754500e-01  2.38373389e-01 -1.18220866e+00
  -3.25495832e-02 -3.56037207e-01 -1.36430664e+00 -2.04825424e+00
  -4.62140152e-01 -9.71861218e-02  1.19997193e+00  1.33775049e+00
   4.82968334e-01 -1.44696423e-01  1.26068532e-01  1.21570027e+00
  -1.16432281e+00  1.56766550e+00  4.89250934e-01  5.24668996e-01
   5.01883910e-01 -6.31225881e-01  1.89233487e+00 -1.73359305e-02
  -7.79635341e-01 -1.17619057e+00 -1.45407098e+00  1.03017776e+00
  -1.84488487e+00  5.29944067e+00  1.66838766e+00  1.50390009e-02
   2.72777000e-01  1.53877367e-01  9.18255938e-02 -3.26115964e-02
   1.65349338e-01 -1.53120865e+00 -1.57743287e+00 -1.48932199e-01
   3.00943124e-01 -8.52689116e-01 -2.73825892e+00 -1.89531287e-01
  -2.23560785e-01 -6.41250669e-01 -6.85325521e-02  1.07625518e+00
   1.42541455e-01 -3.88820048e-01  2.23708057e-02 -2.04390586e+00
   1.11056106e-01 -1.02083377e+00 -1.64800664e+00  2.26823677e-02
  -1.99643963e+00 -1.27906091e+00  3.70197205e-01  4.08079912e-01
  -2.80223791e+00 -8.40334451e-02 -2.76036935e-01  1.41996197e-01
   4.24477594e-01  6.14202604e-01  6.91512402e-01 -8.69453536e-01
  -6.21248967e-01  8.95288030e-01  3.06402124e-01  2.29872754e+00
  -4.19823125e-01  7.72327279e-01  3.95396392e-01  9.99846298e-02
  -1.59261020e+00  1.86427216e+00  1.41158146e+00  1.61620841e+00
   7.16043869e-01 -3.02692104e+00 -3.20536472e-01 -5.77818314e-02
  -4.61431601e+00 -1.07341388e+00 -8.13041165e-02  7.87992530e-01
  -1.43907803e+00  4.14523233e-01  4.12249043e-02  1.27455408e+00
   7.68768594e-01 -2.70498682e-01 -5.60016632e+00 -4.74764135e+00
  -7.41869857e-01 -4.15486042e-01  1.02982103e-01  7.69389475e-01
   3.08034582e-01  1.63547209e-01 -1.21339875e+00 -4.01947530e-01
  -1.18685604e+00 -6.18222502e-01  5.33508677e-01  2.96283396e+00
  -1.81938249e+00 -1.02846885e+00  2.64845539e-01 -1.72417244e-01
   3.29561362e-01 -2.41337878e-01  2.18917895e-01 -7.05823107e-02
  -5.42995704e-01 -1.07924669e-01 -3.38051524e-01 -1.81559269e-01
   1.02240809e+00 -1.46768443e-01 -3.37546798e+00 -7.98081887e-01
  -3.39597846e-01 -5.68876827e-01  5.77499963e+00  3.14424450e+00
  -4.30862365e-01  5.47322783e-01  1.54192803e+00 -1.15274997e+00
  -3.16506871e-01 -5.22936771e-01 -1.71269111e+00  2.23386527e-01
   9.71840837e-01 -5.61307096e-01 -4.05368553e-03  9.40006349e-01
  -1.06455785e+00  9.39838297e-01 -2.99091068e-01 -6.29516454e-01
   4.89411123e-01  2.05819064e+00  1.14679672e+00 -4.79315291e+00
   6.72890246e-01  4.95404315e-01  2.48841073e-01 -2.35010341e-01
  -3.01257277e-01 -2.83459608e-01  3.54704594e-01 -2.67683718e-01
   1.45745873e-01 -1.78631069e-01 -1.69941827e+00  5.70614723e-01
   1.65609154e+00  4.11915160e-01  3.88806992e+00  1.06860041e+00
  -1.83206532e-01  5.21723450e-01 -1.11106735e+00  5.26950193e-02
   1.04854993e+00  1.67399689e+00  2.18670754e+00 -4.80920079e-01
  -2.70354905e-01 -2.69455278e+00  1.72373083e-01  6.75849460e-01
   7.74746007e-03 -5.57969771e-01  7.39956460e-01 -5.33254394e-01
   2.65857300e+00 -9.90064213e-01  8.58737719e-01  3.33537277e+00
   1.68451597e+00 -2.69171941e-01  4.61158815e-01  4.62013419e-01
   1.40819888e+00  1.25961615e+00  4.19220588e-01 -8.81830231e-01
  -2.50832082e-01 -4.62831679e-01 -4.42898863e-01 -1.66239209e+00
   1.03930722e+00  2.26904262e-01 -1.08421203e-01  1.98646464e+00
   7.32829183e-01  1.27262081e-01 -6.02191166e-01 -6.62681616e+00
  -5.02260108e-01 -8.19522459e-01  4.27553728e-01 -2.94713245e-01
   1.68767494e-01  2.63679897e-01  1.38085754e+00  3.45339752e-02
  -8.64578679e-01 -2.69720434e+00 -1.71459781e+00  1.88792982e-01
   4.45213241e-01 -7.21750669e-01  3.48605512e-01  8.61944816e-01
  -2.03238171e+00 -1.65895413e-02  7.37292881e-01  3.99256785e-01
   3.16292065e-01  7.98013095e-01 -8.13058097e-02  5.21636360e-01
  -3.40967190e+00  6.32841982e-01 -6.78004231e-01 -1.80926917e+00
   2.17150125e-01 -4.24572766e-01 -1.29753486e+00  6.67172452e-01
   1.31112793e-01  1.64971039e+00  5.43719219e-01  8.06118048e-02
  -2.62995808e+00  1.35128805e-01 -8.37563052e-03 -5.55266039e-02
  -7.55129558e-01  3.37367367e-01  2.09159887e-01  6.34368957e-01
  -1.08355829e+00 -3.20035880e-01 -3.21980942e-01 -7.29243388e-01
  -4.23646081e-01 -3.29450495e+00 -1.08193994e+00 -1.78055319e+00
   1.33640967e+00  3.14107745e-01  5.68261405e-01  1.16784584e+00
  -1.15209416e+00 -8.68234851e-01  1.14238279e+00 -2.44533107e+00
   1.55405561e-01  1.54570566e+00 -2.83928102e+00 -1.15908660e+00
  -9.18437068e-01 -3.50929705e-02  9.77472137e-01 -4.11715251e-01
   6.01564339e-03 -3.56241145e-01  6.46006405e-01  1.23456287e+00
   9.54057307e-01 -5.34345497e-01  1.82333858e-01 -1.11689408e+00
  -6.22035584e-01 -1.12255037e+00  3.49191175e-01 -1.38722355e+00
  -1.15650400e-01  1.31803225e-01 -2.19607323e-02 -1.21168372e+00
  -7.04477808e-01  4.60484393e-01 -2.66719830e-01 -2.40001958e-01
   4.33253692e-01  1.49820596e+00  1.16574170e+00  9.65677560e-01
  -3.19747350e+00  1.82462261e-01  1.08611487e+00  4.40125754e-01
   1.64190999e+00 -2.92245747e+00  7.35779006e-01  1.13461890e+00
   1.72433792e+00 -3.21705934e-01  1.06092373e+00 -1.08276232e+00
   1.97863068e-01 -1.26363535e-01 -1.92658492e-01 -1.89806252e+00
   8.14210010e-01  6.75559557e-02  2.11733955e+00 -3.03604098e+00
   1.18548618e+00 -5.92600679e+00 -1.36749563e-02 -2.90599370e-01
   1.21134431e+00  5.47083162e+00 -1.82480898e+00  7.36772169e-01
  -1.74510180e-01 -1.10923750e+00  2.07766996e-01 -1.46709943e+00
   2.63956348e-02 -8.92302254e-01 -1.28897832e+00 -5.26964707e-01
  -2.02832250e+00  1.67450252e-01 -1.23346619e-01  2.66521775e-01
  -3.80025859e-01 -5.14031083e-01  9.75763236e-01 -8.76009143e-01
  -4.00450615e-01  9.30173338e-01 -3.97870333e-01 -1.07136104e+00
   5.38483726e-01 -4.03780982e-01  2.30829107e+00  4.65788169e-01
   1.59200236e+00  1.61267602e+00  2.01488190e+00  6.10211969e-01
  -1.05876621e+00  2.90243905e-01 -4.44110838e-01 -9.30609778e-01
  -1.04413740e-01 -4.30575051e-01 -7.64233617e-01 -1.63434638e+00
  -4.82263319e+00  2.08821278e+00 -2.29895706e+00 -1.42752059e+00
  -9.96998556e-02  3.47590291e-01 -8.88127795e-01  1.05904631e+00
   6.50922368e-01  2.70770608e-01  2.37277039e+00 -3.68572083e-02
   1.96946458e-01  8.19274602e-01  3.82093783e-01  5.52936583e-01
   1.33082631e-02 -1.70136580e+00 -1.31461366e+00 -1.79595168e-01
   1.72167878e-01 -1.03299346e+00 -3.02545890e-01 -3.95848142e+00
   2.00642788e-01 -3.90989931e-01 -1.47450932e+00  8.54556062e-01
   1.43548072e+00  1.05263603e+00 -7.57964303e-02  6.07410430e-01
  -1.81416263e-01 -3.76709181e-01 -6.82422345e-01 -3.12974857e-01
  -3.14272508e-02  5.16539348e-01 -1.62696448e+00  6.52059246e-03
   3.69562510e-01  2.33170620e-01  1.84238867e-01 -2.43293786e-01
   1.80206462e+00  3.26668165e-01 -7.37731980e-01  4.29307303e+00
   2.15522377e-01  1.24629487e+00  2.14663267e+00  5.22411183e-01
   9.55627555e-01 -3.43786908e-01 -5.15867813e-01 -1.15504744e+00
   1.54170258e+00  4.66303979e-01  2.47292008e+00  6.76269336e-01
  -3.52356199e-01  3.03292530e+00 -1.34402877e-01 -1.53382016e-01
   3.35362052e-01 -5.07285449e-06  9.69280151e-01]]",
7,0.1,12,305,,word_embedding,<class 'sklearn.linear_model.logistic.LogisticRegression'>,balanced,0.8734729493891797,0.8761323028338736,2459,316,699,4548,0.8996142814756206,0.9350328947368421,0.866781017724414,"[[ 9.24281270e-02  9.05724440e-01 -3.89168506e-01  5.76037166e-01
   2.05177927e+00  9.68102288e-01 -1.23684506e-01 -3.75814833e-01
   7.79329558e-01 -1.61835345e+00  9.61830792e-01  1.61566422e+00
   1.59059671e+00  1.96883239e-02  5.11524894e-01  2.56283792e-01
  -8.55937020e-01  2.42703042e+00 -1.88475834e+00  1.32480236e+00
   9.68135874e-01 -1.72891582e+00 -6.92128825e-01 -2.18495733e+00
  -1.88579123e+00  1.23860369e+00  1.88034229e+00  7.63722443e-01
   4.41780538e-01 -1.29900716e+00  7.56266684e-01  1.78614257e+00
  -1.55335908e+00  3.99298528e+00  9.19334011e-02 -2.53405300e+00
   1.00006694e+00  1.64801449e+00 -2.87256879e+00 -2.68062359e+00
  -3.21496038e+00 -1.42269346e-01  1.65459390e+00  2.42376416e+00
  -8.26459475e-02  4.41037679e+00  3.07735425e-02 -2.07141100e-01
   3.06716269e-01 -9.07314356e-02  7.05553350e-01  1.02617585e-01
  -5.29041239e-01 -8.39121160e-01  1.96913519e+00  1.40544925e+00
   2.54859309e+00  4.19010341e+00  1.01497843e+00 -1.17208640e+00
   1.00392923e+00 -2.25006510e+00 -2.69752965e+00  6.21816613e-01
   4.83681550e-01 -2.33261545e+00  1.82279430e+00  2.55743389e+00
   1.50496430e+00 -1.60927310e+00 -2.18404154e+00 -2.59480995e+00
  -9.29209231e-02  9.69437292e-01  1.10306022e-01 -3.55826254e+00
   9.21556292e-01  3.09581226e+00 -2.34187301e+00 -7.97332959e-01
   3.57350065e+00  1.31855120e+00  1.63858949e+00  1.91319102e+00
  -1.46730351e+00 -1.61840107e+00 -1.52214319e+00  1.73960651e+00
   6.60592948e-01 -1.15562162e+00  3.40711731e+00  6.42362105e-01
  -2.01868987e-01  1.75777416e+00 -1.20839510e-01  5.03812143e-01
   8.23899915e-02 -1.06674945e+00 -2.49229472e+00  9.83879193e-01
   6.56661421e-01 -1.40073274e+00  8.16794951e-02 -1.31507248e+00
  -1.01670693e+00  5.74757043e-01  1.93444724e+00 -1.68304255e+00
  -9.64674915e-01 -2.03982274e+00  6.47424361e-01  3.14562070e+00
   2.36498860e+00  4.10245745e-01  9.65144003e-01 -1.02745298e+00
  -3.35082541e+00  3.19057114e+00 -4.36285583e-01 -7.93391350e-01
   1.80462728e+00 -3.67611650e+00  1.33459751e+00 -1.25347233e+00
   1.10284139e+00  3.26911321e+00  6.32085312e-01  6.24415457e-01
   2.69592332e-02 -1.00479789e+00  2.71558319e-01  9.22598431e-01
  -2.51453136e+00 -7.44826909e-01  1.87197035e+00  1.91015719e+00
   3.03245098e+00 -1.94193469e+00 -8.92583731e-01  8.43532406e-01
   3.10835083e-01 -1.36633216e+00  2.53398881e+00  1.45115906e+00
  -1.23327701e-01 -1.21756922e+00  1.55738638e+00 -1.87355979e+00
   2.62815909e-02  5.05465208e-01 -2.77741206e+00  3.93186361e-01
  -1.08007122e+00 -2.34360206e+00 -1.18175344e+00  2.75766335e-01
  -1.76893681e-01 -5.76157743e-01  6.85423388e-01  1.40583860e+00
   2.60477627e+00  1.51946845e+00 -3.00814980e+00 -1.52790246e+00
   3.37794768e+00 -1.16913124e+00 -8.31396023e-02 -2.02155542e+00
   9.95271603e-03  7.33991658e-01 -1.43288509e-01  3.81602345e+00
   1.12956652e+00 -1.18427567e+00 -1.80942497e+00 -6.51089226e-01
   3.06997553e-01 -3.01996565e-01  1.10803833e+00  6.16895633e-01
   1.50894313e+00  2.04842413e-01  1.73716149e+00  8.46281111e-01
   2.56939784e+00 -3.93628421e+00 -2.46043602e+00 -4.72608992e-01
  -2.53875726e+00 -6.50712982e-01 -3.27352296e+00 -1.28974514e+00
   2.95897093e+00  1.86351378e-01 -3.76942151e-01 -7.11849204e-01
   3.12318534e-01  7.90066050e-01  2.64103594e+00  9.01809790e-01
  -2.94112872e+00 -2.06150406e+00  1.19991745e+00 -1.38902622e+00
  -6.08557835e-01 -1.78807708e+00 -1.84253994e+00 -2.88353887e-01
  -2.97986478e+00 -1.72932672e+00 -7.00143165e-01 -1.24649527e+00
  -1.07954525e+00 -3.75067354e-01 -1.46303779e+00  1.29242635e+00
   2.32110512e+00  2.75900466e-01  2.33800620e+00 -8.50691306e-01
   2.94431372e+00  1.04663969e+00  1.19211472e+00  2.04394805e+00
   8.22844314e-01  4.92052560e-01  3.34821990e-02  3.37300021e+00
   3.28465118e+00 -5.80546226e-01  3.11239014e+00 -3.57234250e-01
  -4.42100273e+00 -6.05796615e-01 -3.03437701e+00 -1.29955998e+00
  -1.46849305e+00  2.01560901e-01 -7.68626484e-01  8.90542513e-01
   1.31522527e+00 -6.51810108e-01 -9.53142983e-01  1.20091760e+00
   1.86537520e+00  5.26799277e-01 -2.84277664e+00  1.42017448e+00
   5.94032863e-01 -5.01706227e+00  1.28042232e+00 -6.75382622e-01
  -2.26113260e+00  1.24287993e+00 -4.73487919e-01 -6.29512493e-01
  -2.14511401e-01  1.57675371e+00 -8.01132408e-01 -1.13034126e-01
  -2.30189113e-01  4.48116992e-01 -1.60516753e+00 -7.10128081e-01
   4.28782362e-01 -8.23564688e-01 -1.51248825e+00  8.87969446e-01
  -3.97267793e+00  1.01093350e+00  6.37342955e-02 -5.84513324e-02
  -4.07108665e+00  1.78245892e+00  7.96108615e-01  1.41202958e+00
   2.05798959e-01  5.35483354e-01  4.83256040e-01 -7.83982997e-01
   5.76752778e-01 -2.00567569e+00 -2.17542878e+00 -6.51723965e-01
   1.78067081e+00 -6.94167367e-01  2.55614469e+00  9.60468284e-01
  -4.58566198e-01  1.69643801e+00 -1.88863088e+00 -4.05867356e-01
  -4.16263109e-01  2.90580518e+00 -4.49177325e-01 -2.09491976e+00
   3.34886125e+00 -1.41582553e+00  2.40604516e+00 -8.97544320e-01
  -1.27326808e-01 -1.73434985e-01  3.29468924e-01 -7.68525446e-06
   8.90746903e-01]]",
5,0.1,12,791,,BOW,<class 'sklearn.ensemble.forest.RandomForestClassifier'>,,0.8590127150336574,0.9183079863708136,1974,801,330,4917,0.8968536251709985,0.859916054564533,0.9371069182389937,"[7.76487160e-04 1.28067807e-04 4.89738947e-04 2.24472387e-03
 2.34584804e-04 1.41960941e-04 1.22889193e-04 5.27068569e-05
 3.22078456e-04 2.21596722e-04 5.04554844e-03 3.21518749e-05
 2.07334568e-03 1.20437389e-04 5.10048337e-05 5.54068521e-05
 6.46706602e-05 4.35563729e-04 7.09014190e-05 9.89406521e-05
 3.15752119e-03 2.91565704e-04 9.34768094e-03 2.35200970e-02
 7.27611453e-05 1.53943919e-04 3.13889549e-03 7.15824261e-05
 8.81008479e-04 1.38575351e-04 5.61475991e-04 7.48529141e-05
 1.06215114e-04 1.00910097e-04 1.47623392e-04 8.15685284e-04
 6.04389753e-04 4.25819543e-04 1.41499628e-02 5.72827416e-04
 9.08669764e-05 3.40215702e-04 5.35841718e-04 5.48995923e-05
 8.90353760e-05 4.42868355e-03 5.34261127e-04 4.33576864e-04
 1.01562129e-02 3.87903507e-03 6.46455511e-05 4.11964430e-02
 6.63541577e-05 7.16479976e-04 8.28766162e-05 1.01834939e-04
 1.72000173e-04 1.14776442e-04 7.38870754e-05 1.11018487e-04
 8.15641337e-05 4.37237975e-04 5.25503519e-03 3.15833974e-05
 4.99239669e-05 2.36474537e-04 3.06915340e-04 8.09950102e-04
 2.59764690e-04 9.75854109e-05 1.23431499e-04 7.98032521e-05
 8.91734053e-05 7.17516130e-04 9.46341573e-04 2.12139362e-05
 1.22404656e-03 1.44584800e-04 3.66176147e-05 7.70840058e-03
 2.55908177e-05 6.34134884e-05 6.51078844e-04 4.07884517e-04
 3.17706251e-05 7.29517948e-05 1.06829519e-04 2.15887713e-05
 2.03019739e-04 1.37823670e-04 2.47057363e-04 3.51404063e-04
 4.57573429e-05 1.03277629e-04 5.53130717e-05 3.43852811e-04
 3.68620888e-05 4.65453597e-04 4.05626997e-04 3.65735062e-05
 3.08124873e-04 1.40755925e-03 2.74320180e-05 6.92950017e-05
 4.44737188e-03 2.93134122e-04 7.72374768e-05 4.38245331e-04
 7.56044541e-05 6.20169908e-05 6.54774461e-05 7.34587497e-05
 3.55500716e-05 3.85626303e-05 6.87918529e-05 3.90787950e-04
 5.83891986e-03 3.97844462e-04 5.04680017e-04 4.96112124e-04
 3.58172163e-05 8.69744457e-04 6.99436187e-05 9.84294072e-05
 1.09823896e-04 2.06320666e-04 1.91988759e-04 8.77673878e-05
 1.86952886e-05 1.18683625e-03 3.88294712e-05 9.08998723e-05
 5.67469395e-04 5.51928842e-05 5.90916927e-05 2.01932603e-04
 2.00892127e-03 2.68204638e-05 3.40559053e-05 4.84861640e-04
 2.48066305e-04 1.54547686e-04 1.27547740e-04 2.97704443e-04
 2.61637685e-05 2.94637106e-04 1.08023583e-04 3.93673518e-05
 2.58300701e-05 1.74730114e-05 3.92902631e-04 2.63693342e-04
 2.53716879e-05 2.81081637e-04 4.01208113e-03 2.09971278e-04
 2.71676531e-04 1.16199676e-04 7.36151398e-05 4.83702805e-05
 3.36638457e-05 1.39340996e-04 8.94867206e-05 1.55063561e-04
 1.04373465e-04 6.24173667e-05 1.67379647e-04 5.66879656e-05
 3.39179149e-03 1.61073292e-04 7.82106521e-05 9.58021733e-05
 3.93113963e-05 2.77202359e-05 1.05115154e-03 2.82113306e-04
 3.68820517e-03 3.31171178e-04 1.47327331e-04 1.20836782e-02
 2.00558701e-02 4.05852564e-05 4.99756669e-05 4.51688380e-05
 3.35647543e-04 7.89914455e-05 3.62753107e-05 4.24812982e-04
 1.08434662e-04 4.54308265e-04 4.25507442e-05 2.96496636e-03
 3.97140293e-04 1.06700340e-02 5.37253519e-03 4.88611049e-04
 1.73207484e-05 8.78201514e-05 1.72008106e-04 2.40636374e-04
 9.46547939e-04 5.99441281e-05 1.64033622e-04 1.02281689e-03
 2.40991960e-04 5.14231940e-05 3.65787221e-03 2.79148689e-04
 2.60477438e-04 2.46633099e-04 8.74853453e-05 3.44680963e-05
 9.69812445e-04 1.20665295e-03 6.59093613e-05 1.91560140e-04
 1.05523395e-03 1.12589924e-03 5.79421522e-04 4.60520362e-04
 4.75671268e-04 2.25589442e-03 7.54620830e-04 5.28933597e-05
 7.87900981e-05 9.32943031e-06 2.64913293e-04 6.50891935e-05
 1.13119339e-04 2.40236408e-03 4.51368535e-05 2.43817240e-05
 1.13306458e-03 1.11436479e-03 4.65061791e-04 1.54760645e-03
 1.55775035e-04 7.91714225e-03 6.74626327e-05 1.06299831e-04
 1.36241179e-03 7.08994934e-05 9.08438891e-04 1.52098230e-03
 8.19775342e-05 2.15415628e-04 1.44836403e-04 4.27114003e-05
 7.05734407e-05 1.50754822e-04 5.69263528e-05 4.21456369e-05
 1.46395668e-04 5.82487604e-04 4.10776167e-04 2.10257625e-03
 2.58046341e-04 6.79854617e-04 6.01920888e-03 1.20439695e-03
 8.36946242e-04 4.17195890e-05 1.90349285e-04 9.73623577e-04
 1.42719193e-03 6.40534489e-04 1.13952001e-04 1.13575160e-03
 1.39001482e-04 1.51556651e-04 1.90671168e-04 5.84096849e-04
 1.24104732e-04 1.26575389e-04 3.40534747e-05 2.38011538e-05
 1.22518802e-04 5.78009538e-05 8.22401659e-05 4.08572325e-04
 5.13358092e-05 2.39714473e-03 4.07571569e-05 7.86193291e-04
 1.79617291e-02 3.86814172e-04 7.43632044e-04 3.38810547e-04
 1.32280638e-03 5.25838517e-05 9.34122609e-05 4.32993903e-05
 1.42819804e-04 1.31375612e-04 2.80489761e-03 4.01312823e-04
 9.02987355e-05 3.94464679e-05 1.16786432e-04 1.05161395e-04
 9.29525121e-05 1.30764313e-04 1.45466650e-03 3.68886672e-05
 3.74590898e-04 9.25866885e-05 8.36204920e-04 1.47677548e-04
 3.01775432e-05 8.44535698e-05 6.96349861e-04 3.30409792e-03
 3.96524599e-04 1.39201935e-04 8.78595354e-05 3.74229339e-05
 2.77065046e-04 6.31589483e-04 2.85097854e-03 5.94884553e-04
 6.11628832e-03 8.48857294e-05 5.17594815e-05 4.36327354e-04
 9.11329815e-05 1.11386740e-04 4.82495566e-04 1.46856190e-02
 6.49929923e-05 5.67753921e-04 1.99197153e-04 1.13757681e-03
 3.06666222e-04 8.44952463e-04 3.57303310e-03 5.58158481e-04
 5.69585431e-05 1.29195984e-04 1.49131473e-04 7.20361540e-05
 3.14500921e-04 6.01788691e-05 3.08089418e-04 2.11773320e-04
 1.58088676e-04 1.61998759e-05 5.41996197e-05 2.93739011e-04
 1.02699617e-03 6.26591025e-05 4.72683086e-04 2.99036212e-04
 5.15942999e-05 3.68333606e-04 5.49620965e-04 3.37848261e-05
 3.90446818e-04 1.68916376e-04 4.06907961e-04 1.57208167e-04
 1.13789974e-03 3.95543269e-04 4.05474162e-04 3.95106790e-03
 1.72639833e-04 4.35470956e-04 1.58083705e-04 7.88792210e-04
 1.39472966e-04 5.76517828e-04 5.46302933e-04 5.02406077e-03
 3.68494567e-04 4.05541239e-04 1.04963715e-04 1.18017191e-04
 1.82953293e-04 4.12318774e-04 7.96369970e-05 1.61640883e-05
 1.23707857e-04 2.03356478e-03 2.68753150e-04 1.65830135e-04
 1.09594493e-04 8.28293718e-04 5.05882357e-05 6.70108060e-04
 1.65712258e-04 1.43032403e-03 2.73741234e-04 1.28101170e-03
 2.99711477e-04 2.68780487e-02 3.86518288e-05 1.22076070e-04
 4.90506437e-04 4.75321241e-05 7.32770082e-05 9.63578584e-05
 6.89380519e-05 5.02269482e-04 3.97994972e-03 5.87649752e-04
 5.87288324e-05 6.73367378e-04 2.82242181e-03 5.70347869e-04
 2.41165098e-04 5.79802285e-04 5.93265775e-05 1.56517127e-04
 2.38800088e-05 7.93795966e-05 9.79126281e-04 4.47892875e-04
 4.84023743e-05 5.70071566e-05 1.00295797e-03 1.20755080e-04
 8.42487014e-03 2.32740328e-04 8.83612987e-05 1.02664484e-05
 8.43859290e-03 1.83253756e-04 1.97939186e-03 9.18311912e-05
 8.59183708e-04 3.06341574e-05 1.72283973e-04 1.72443454e-03
 3.06852800e-05 4.33879875e-05 1.66122853e-04 4.44468382e-04
 6.36372968e-05 1.86613152e-04 7.70759910e-05 1.33052916e-03
 7.64576588e-03 1.24375863e-03 6.34219437e-04 4.18258125e-03
 6.57769382e-04 2.82669530e-02 1.44667116e-04 5.64364964e-05
 1.25147656e-02 1.81430321e-04 6.60614108e-04 5.71339664e-05
 2.21347135e-03 3.34911698e-04 4.97570286e-05 1.37186840e-04
 6.47731886e-05 4.66575983e-05 1.69676461e-02 5.06633637e-03
 4.42262873e-04 3.20192390e-04 9.96576975e-05 3.97865981e-05
 2.38238529e-03 5.74076921e-04 9.85130194e-05 3.77398223e-04
 3.82588139e-03 2.19751613e-03 2.61444883e-04 1.99026302e-04
 3.84777191e-03 6.88493302e-04 2.12604214e-04 1.82968634e-04
 7.90236844e-05 7.96320607e-05 1.76191928e-04 2.07502672e-04
 1.22629522e-04 9.81238758e-05 7.78764621e-05 7.09803846e-05
 2.93025170e-05 8.15812954e-05 1.34701919e-02 1.52970355e-03
 4.33555549e-05 1.12727897e-04 6.11198543e-03 7.90681560e-04
 3.17292855e-04 1.55985880e-05 5.01324558e-05 1.00807647e-03
 2.26011623e-04 5.71621103e-05 3.41319255e-04 4.02101913e-04
 7.19108233e-05 2.27683349e-04 1.59514335e-04 1.25136168e-04
 9.46263532e-05 9.82519038e-05 2.95055436e-04 3.72018643e-04
 2.12776661e-04 3.57747406e-05 1.47134319e-04 7.16560946e-03
 2.03153001e-04 4.86435726e-04 7.71700896e-06 4.85851050e-05
 1.48396787e-04 1.19479840e-04 4.13315711e-05 1.48486770e-03
 2.08733622e-03 1.71490332e-04 8.99427094e-04 3.77580906e-04
 9.96489531e-05 4.59599968e-05 1.67272864e-03 9.25442464e-05
 5.54175005e-05 9.75549590e-05 9.18669728e-04 5.66009446e-04
 1.33366698e-04 7.54848328e-04 2.52417557e-04 3.66127605e-04
 1.30123610e-04 4.99538758e-04 1.50995583e-04 7.12159903e-05
 1.76826056e-04 9.41999061e-05 2.38158807e-03 3.35469922e-04
 5.93173511e-04 4.79562269e-04 6.41385356e-05 1.02058391e-02
 5.10045921e-05 1.18299702e-04 5.77677953e-05 1.24400138e-04
 1.51724067e-04 8.15726264e-05 4.97827178e-05 5.83627942e-05
 1.03696324e-04 9.59403236e-05 1.23768490e-03 8.89186761e-04
 1.00557223e-03 6.57605864e-05 3.14530794e-04 8.17402171e-04
 4.28597530e-05 1.99716297e-04 5.36546782e-04 2.24968850e-02
 3.07685675e-04 1.28131496e-04 1.10754032e-03 4.47943508e-04
 6.04689483e-05 3.58498063e-05 5.57867884e-05 4.12432640e-05
 6.21039515e-05 4.29754436e-04 1.54428746e-03 3.51514474e-04
 9.77387646e-05 7.38518575e-04 4.17623544e-05 7.72639292e-05
 1.54965436e-02 2.20170528e-05 4.86489830e-05 2.36638494e-05
 3.58031383e-04 1.75899098e-04 2.09099365e-04 1.19075700e-03
 6.09064202e-03 5.76079613e-04 1.28641543e-04 3.98219112e-04
 2.86724465e-05 5.74610253e-04 7.14656780e-04 1.13653631e-04
 1.56687937e-04 2.01376299e-04 3.74315201e-04 1.54582371e-04
 7.14832316e-03 3.06129372e-04 1.30252260e-04 5.43379003e-04
 1.80234891e-04 5.55338139e-05 2.28786403e-05 6.53153363e-04
 6.62844873e-05 6.20969608e-04 2.20777634e-04 1.29026333e-04
 5.40623723e-05 5.10348592e-03 1.07669881e-03 3.57360872e-04
 8.18907056e-05 4.15637372e-05 6.92211962e-05 2.12161785e-03
 1.00814854e-03 7.19615956e-04 1.22935588e-04 3.48532546e-04
 3.45257523e-05 1.09130806e-04 8.53553968e-04 5.71756405e-05
 4.52523814e-05 2.14678715e-04 9.23127550e-05 1.61980342e-04
 5.63906273e-04 2.39515335e-04 4.93489611e-05 2.76110201e-04
 8.45142693e-04 3.41163974e-05 2.43183790e-03 2.30985883e-04
 1.28182333e-04 2.25429883e-03 3.64372544e-04 1.92315055e-04
 3.60068802e-04 2.08350075e-04 3.32862730e-05 1.48331850e-04
 1.72011273e-03 4.13101507e-04 3.88503855e-04 1.34465329e-04
 2.92254195e-04 2.36301939e-04 1.86790252e-04 1.80893080e-04
 1.67667880e-03 6.33331471e-05 4.17659124e-05 8.76817632e-05
 1.24110606e-03 1.24963508e-03 1.00759758e-03 4.47048018e-05
 7.89385443e-05 1.49650944e-04 7.26177993e-04 1.36572325e-03
 1.31324660e-04 2.60978861e-03 1.70483608e-04 2.45585427e-03
 8.49635746e-04 1.15336210e-04 1.26798319e-04 1.83076564e-02
 6.14623707e-05 1.65632838e-02 2.90066835e-05 9.02311985e-05
 1.48635170e-03 5.39950751e-03 8.08426055e-03 3.27432568e-04
 7.82755269e-05 1.27985057e-04 1.17937911e-03 3.16176179e-03
 3.00762757e-04 1.38953984e-03 3.29139468e-04 3.09504502e-04
 3.62706484e-04 1.37977469e-04 2.40292189e-05 1.62880108e-04
 4.35991996e-05 8.76573900e-05 4.49819556e-05 3.77074678e-05
 1.66461346e-03 4.28352769e-04 1.11176594e-04 8.89488684e-05
 5.25008631e-05 4.19044723e-05 4.95353476e-04 8.19039004e-05
 1.42209669e-04 3.35086826e-05 1.34704900e-04 1.96034192e-03
 2.51251664e-04 3.52310990e-05 1.30506528e-04 1.09434242e-03
 1.18220054e-04 8.80976399e-05 1.91096857e-04 4.98293338e-04
 1.67752719e-03 1.39554188e-04 7.44845139e-04 6.81028885e-04
 5.92529464e-05 2.75078132e-05 1.59791841e-03 3.61196396e-04
 8.60153875e-05 1.42324207e-04 1.97580803e-03 2.26077689e-05
 8.78390946e-05 4.03934057e-05 1.45921656e-04 7.51874261e-04
 2.86622676e-03 3.27340161e-04 6.87234241e-04 6.48311659e-04
 5.02111144e-05 2.02442038e-03 1.42494268e-04 5.09587401e-03
 1.34239963e-04 4.47011306e-04 1.42425557e-03 2.78918766e-04
 1.44675696e-04 8.00380704e-05 2.58161503e-03 2.68060237e-05
 5.10234843e-04 1.77158419e-03 7.16536826e-04 7.50111722e-05
 7.95144920e-04 1.65062285e-04 2.22330350e-03 1.19021104e-04
 4.12534052e-05 1.36569580e-04 1.05204633e-04 2.27315788e-04
 2.74168323e-04 2.38517565e-04 6.47806563e-05 2.73552493e-03
 2.35013896e-05 1.36539761e-03 8.11624709e-05 7.03857441e-04
 4.09952947e-05 3.50406475e-05 1.20227813e-04 6.15169319e-04
 8.70787421e-04 1.97773397e-04 1.58276543e-04 1.12999500e-04
 4.75715965e-05 3.51662729e-04 6.07210791e-03 5.02731416e-03
 9.99932854e-03 1.32773709e-02 1.22912548e-01]","{'n_estimators': 500, 'min_samples_split': 10, 'min_samples_leaf': 7, 'max_features': 'sqrt', 'max_depth': None, 'class_weight': None}"
10,0.1,12,105,,SVD,<class 'sklearn.linear_model.logistic.LogisticRegression'>,,0.856020942408377,0.8585140862627774,2072,703,452,4795,0.8925081433224756,0.8721353219352492,0.913855536497046,"[[ 3.10475642e+00 -1.05607822e+01  2.09906590e+01 -1.95038748e-02
  -2.97760936e+00 -3.63225198e+00  7.05661242e-01 -2.89428169e+00
  -6.50730218e+00  8.75441397e-01  2.64469350e+00 -1.64968414e-01
  -4.54179712e+00  3.72192708e+00  1.57388770e+00  1.42354490e+00
   4.90179631e+00 -3.76929306e+00  1.81989090e+00 -2.72521128e+00
   9.25279379e-01  2.78029606e+00 -3.95374965e+00  6.06220350e-01
  -1.32215574e+00 -3.66592340e+00 -5.23292051e+00 -3.86129339e-01
   4.02427567e-01 -8.52963669e-01  2.42078587e+00 -5.05251139e-01
   7.95316863e-01  2.87930622e+00 -1.61231492e+00 -1.70219695e+00
   1.91487848e+00  8.35877287e-01 -1.30503782e+00  3.88776546e-01
   8.20047202e-01  2.08150363e+00 -1.34145542e-01  5.17537770e-01
  -1.65513938e+00 -8.35903650e-01  9.44167267e-01 -8.56331986e-01
  -1.02031124e+00  1.67457840e+00  2.79315084e+00 -2.41553733e-01
   2.53725254e+00 -1.14969745e-01 -1.30677338e-02 -1.56198560e+00
   4.08587327e+00  1.04975072e+00 -1.13723475e+00  9.02317532e-01
  -5.08357401e-01  6.41521806e-03  6.94772915e-01 -3.42263865e+00
   9.55780945e-01  1.30979375e+00 -5.67028229e-01 -6.51005233e-01
   2.06117195e+00  1.47599482e+00  1.22248712e+00  1.14463949e-01
   1.11100689e+00 -4.52226452e-01  7.93131521e-01  8.63823987e-01
  -1.22159125e+00  1.65801638e+00  1.14903492e+00  2.87247575e-01
  -1.82446458e-02 -6.52212664e-01  2.58225434e+00  1.51589134e+00
  -5.51696145e-01 -1.72452978e+00  4.44094369e-01 -8.78751471e-01
  -5.80317359e-01  3.67789759e-01  1.00660809e-01 -1.91052725e-01
  -8.05213449e-01 -7.31726414e-01  7.38872338e-01  3.49705493e+00
   9.60743920e-01 -1.81055995e-01  1.68133714e+00  1.01829829e+00
  -1.40040327e-01 -1.71484472e-01  3.71932670e-01 -2.80025545e-05
   1.01202469e+00]]",
